        <?xml version = '1.0' encoding = 'UTF-8'?> 
        <?xml-stylesheet type="text/xsl"href="" ?> 
        <plugins> 
          <pyqgis_plugin name="SWAMPy-tools" version="0.1.0" plugin_id="227"> 
            <description> 
              <![CDATA[Demonstration of a QGIS Plugin]]> 
            </description> 
            <about></about> 
            <version>0.1.0</version> 
            <qgis_minimum_version>3.0.0</qgis_minimum_version> 
            <qgis_maximum_version>3.9.9</qgis_maximum_version> 
            <homepage> 
              <![CDATA[https://github.com/swampytools/SWAMPy-tools/tree/main]]> 
            </homepage> 
            <file_name>SWAMPy-tools_v0.1.zip</file_name> 
            <icon>https://github.com/swampytools/SWAMPy-tools/blob/main/plugin_download/icon.png</icon> 
            <author_name><![CDATA[Daniel Zamrsky]]></author_name> 
            <download_url>https://github.com/swampytools/SWAMPy-tools/tree/main/plugin_download/SWAMPy-tools_v0.1.zipp</download_url> 
            <uploaded_by><![CDATA[jll]]></uploaded_by> 
            <create_date>2021-04-29T15:31:19.824333</create_date> 
            <update_date>2021-04-29T15:31:19.824333</update_date> 
            <experimental>False</experimental> 
            <deprecated>False</deprecated> 
            <tracker> 
              <![CDATA[https://github.com/swampytools/SWAMPy-tools/tree/main/issues]]> 
            </tracker> 
            <repository> 
              <![CDATA[https://github.com/swampytools/SWAMPy-tools/tree/main/]]> 
            </repository> 
            <tags><![CDATA[models, profiles, groundwater, saltwater intrusion]]></tags> 
            <downloads>0</downloads> 
            <average_vote>0</average_vote> 
            <rating_votes>0</rating_votes> 
          </pyqgis_plugin> 
        </plugins> 
